,Accuracy,Precision,Recall,F1 Score,AUC-ROC,Model
Logistic Regression,0.8741496598639455,0.6923076923076923,0.3829787234042553,0.4931506849315068,0.8056680161943319,"LogisticRegression(max_iter=1000, random_state=42)"
Random Forest,0.8401360544217688,0.5,0.1276595744680851,0.2033898305084746,0.792747006632785,RandomForestClassifier(random_state=42)
Gradient Boosting,0.8401360544217688,0.5,0.19148936170212766,0.27692307692307694,0.7968817296924801,GradientBoostingClassifier(random_state=42)
XGBoost,0.8605442176870748,0.6875,0.23404255319148937,0.3492063492063492,0.7750021535015936,"XGBClassifier(base_score=None, booster=None, callbacks=None,
              colsample_bylevel=None, colsample_bynode=None,
              colsample_bytree=None, device=None, early_stopping_rounds=None,
              enable_categorical=True, eval_metric='logloss',
              feature_types=None, feature_weights=None, gamma=None,
              grow_policy=None, importance_type=None,
              interaction_constraints=None, learning_rate=None, max_bin=None,
              max_cat_threshold=None, max_cat_to_onehot=None,
              max_delta_step=None, max_depth=None, max_leaves=None,
              min_child_weight=None, missing=nan, monotone_constraints=None,
              multi_strategy=None, n_estimators=None, n_jobs=None,
              num_parallel_tree=None, ...)"
